Tanggal,Aktual,Prediksi,Kualitas Udara Aktual,Kualitas Udara Prediksi
2024-10-28,7.331776e-05,4.226881863365079e-05,Tinggi,Sedang
2024-10-29,1.3510438999999999e-05,6.615824183555555e-05,Sangat Rendah,Tinggi
2024-10-30,7.90334673566667e-06,3.366588361388889e-05,Sangat Rendah,Rendah
2024-10-31,5.283743e-05,2.73108656546e-05,Sedang,Rendah
2024-11-01,3.40402365e-05,4.0371159081111115e-05,Rendah,Sedang
2024-11-02,1.5243043e-05,4.009034870888889e-05,Sangat Rendah,Sedang
2024-11-03,1.9518096e-05,3.740376958666667e-05,Sangat Rendah,Rendah
2024-11-04,2.3793149e-05,2.5845010397071246e-05,Sangat Rendah,Sangat Rendah
2024-11-05,2.8068202e-05,2.6508331549914382e-05,Rendah,Sangat Rendah
2024-11-06,6.0900555e-05,3.20995510874183e-05,Sedang,Rendah
2024-11-07,6.903251e-05,5.13371415e-05,Tinggi,Sedang
2024-11-08,6.186040714285714e-05,6.475947998349206e-05,Sedang,Tinggi
2024-11-09,5.468830428571428e-05,6.662020841303304e-05,Sedang,Tinggi
2024-11-10,4.7516201428571424e-05,5.43790586710657e-05,Sedang,Sedang
2024-11-11,4.034409857142857e-05,5.267031897911765e-05,Sedang,Sedang
2024-11-12,3.317199571428571e-05,4.844749406800187e-05,Rendah,Sedang
2024-11-13,2.5999892857142854e-05,3.4038895589186086e-05,Sangat Rendah,Rendah
2024-11-14,1.882779e-05,3.456583387777778e-05,Sangat Rendah,Rendah
2024-11-15,2.7953785e-05,2.700684521626984e-05,Rendah,Sangat Rendah
2024-11-16,2.827785072222222e-05,3.1366556069620266e-05,Rendah,Rendah
2024-11-17,2.8601916444444444e-05,3.3307351927777784e-05,Rendah,Rendah
2024-11-18,2.8925982166666666e-05,2.9124859794084966e-05,Rendah,Rendah
2024-11-19,2.925004788888889e-05,2.9375719860751634e-05,Rendah,Rendah
2024-11-20,2.957411361111111e-05,2.90899293901634e-05,Rendah,Rendah
2024-11-21,2.9898179333333333e-05,2.9279845790163396e-05,Rendah,Rendah
2024-11-22,3.0222245055555556e-05,2.7827687139705883e-05,Rendah,Rendah
2024-11-23,3.0546310777777775e-05,2.7703577406372554e-05,Rendah,Rendah
2024-11-24,3.08703765e-05,2.820589914212418e-05,Rendah,Rendah
2024-11-25,3.119444222222222e-05,2.887164010879085e-05,Rendah,Rendah
2024-11-26,3.1518507944444446e-05,2.9039057684771237e-05,Rendah,Rendah
2024-11-27,3.1842573666666665e-05,2.9269975235751635e-05,Rendah,Rendah
2024-11-28,3.216663938888889e-05,3.06530586524183e-05,Rendah,Rendah
2024-11-29,3.249070511111111e-05,2.96429207024183e-05,Rendah,Rendah
2024-11-30,3.2814770833333335e-05,3.0933292648867105e-05,Rendah,Rendah
2024-12-01,3.3138836555555554e-05,3.1587389963311555e-05,Rendah,Rendah
2024-12-02,3.3462902277777774e-05,3.1020653204978217e-05,Rendah,Rendah
2024-12-03,3.3786968e-05,3.144677329616711e-05,Rendah,Rendah
2024-12-04,3.58737882e-05,3.16862576589122e-05,Rendah,Rendah
2024-12-05,3.79606084e-05,3.7700088615666015e-05,Rendah,Rendah
2024-12-06,4.00474286e-05,4.144977109163399e-05,Sedang,Sedang
2024-12-07,4.21342488e-05,4.1171610514705884e-05,Sedang,Sedang
2024-12-08,4.4221069000000004e-05,4.211943733890445e-05,Sedang,Sedang
2024-12-09,4.6307889200000004e-05,4.63419363928147e-05,Sedang,Sedang
2024-12-10,4.8394709400000004e-05,4.5772887057826304e-05,Sedang,Sedang
2024-12-11,5.0481529600000003e-05,4.783621635710835e-05,Sedang,Sedang
2024-12-12,5.25683498e-05,4.849259633599243e-05,Sedang,Sedang
2024-12-13,5.465517e-05,5.055419100259045e-05,Sedang,Sedang
2024-12-14,5.619107083333334e-05,5.518117674302299e-05,Sedang,Sedang
2024-12-15,5.772697166666667e-05,5.7556243612713867e-05,Sedang,Sedang
2024-12-16,5.92628725e-05,5.785898489092471e-05,Sedang,Sedang
2024-12-17,6.0798773333333334e-05,5.9320866155534985e-05,Sedang,Sedang
2024-12-18,6.233467416666667e-05,6.181202770309658e-05,Sedang,Sedang
2024-12-19,6.3870575e-05,6.588496779548001e-05,Sedang,Tinggi
2024-12-20,6.521957333333334e-05,6.607401264126559e-05,Tinggi,Tinggi
2024-12-21,6.656857166666667e-05,6.818566349441833e-05,Tinggi,Tinggi
2024-12-22,6.791757e-05,6.951660261530153e-05,Tinggi,Tinggi
2024-12-23,6.926656833333334e-05,7.006349749187995e-05,Tinggi,Tinggi
2024-12-24,7.061556666666668e-05,7.221289492164371e-05,Tinggi,Tinggi
2024-12-25,7.196456500000001e-05,7.05989676962609e-05,Tinggi,Tinggi
2024-12-26,7.331356333333333e-05,7.160302996328505e-05,Tinggi,Tinggi
2024-12-27,7.466256166666667e-05,7.230027753354146e-05,Tinggi,Tinggi
2024-12-28,7.601156e-05,7.296968716049228e-05,Tinggi,Tinggi
2024-12-29,7.736055833333333e-05,7.55561812929959e-05,Tinggi,Tinggi
2024-12-30,7.870955666666667e-05,7.662078591692752e-05,Tinggi,Tinggi
2024-12-31,8.0058555e-05,8.106062294046287e-05,Tinggi,Tinggi
2025-01-01,8.140755333333334e-05,8.160204629125654e-05,Tinggi,Tinggi
2025-01-02,8.275655166666667e-05,8.292048790526751e-05,Tinggi,Tinggi
2025-01-03,8.410555e-05,8.33664837885287e-05,Tinggi,Tinggi
2025-01-04,7.659007666666666e-05,8.672791655678267e-05,Tinggi,Tinggi
2025-01-05,6.907460333333334e-05,7.783694162788378e-05,Tinggi,Tinggi
2025-01-06,6.155913e-05,6.524868085282107e-05,Sedang,Tinggi
2025-01-07,0.00012228139,5.99038102787412e-05,Tinggi,Sedang
2025-01-08,4.8166617e-05,0.00010226933489849208,Sedang,Tinggi
2025-01-09,5.12013633e-05,6.237805915309524e-05,Sedang,Sedang
2025-01-10,5.42361096e-05,4.275249583507936e-05,Sedang,Sedang
2025-01-11,5.72708559e-05,5.261209375937256e-05,Sedang,Sedang
2025-01-12,6.03056022e-05,5.7848000165960615e-05,Sedang,Sedang
2025-01-13,6.33403485e-05,6.170510299061265e-05,Sedang,Sedang
2025-01-14,6.63750948e-05,6.719468728246378e-05,Tinggi,Tinggi
2025-01-15,6.94098411e-05,7.024074036140134e-05,Tinggi,Tinggi
2025-01-16,7.24445874e-05,7.211788711307679e-05,Tinggi,Tinggi
2025-01-17,7.54793337e-05,7.189629118467754e-05,Tinggi,Tinggi
2025-01-18,7.851408e-05,7.596049384515318e-05,Tinggi,Tinggi
2025-01-19,7.870258631578948e-05,7.787544756664447e-05,Tinggi,Tinggi
2025-01-20,7.889109263157895e-05,8.087233689500833e-05,Tinggi,Tinggi
2025-01-21,7.907959894736842e-05,8.044707655526751e-05,Tinggi,Tinggi
2025-01-22,7.92681052631579e-05,8.044707655526751e-05,Tinggi,Tinggi
2025-01-23,7.945661157894738e-05,8.06639581505056e-05,Tinggi,Tinggi
2025-01-24,7.964511789473685e-05,8.06639581505056e-05,Tinggi,Tinggi
2025-01-25,7.983362421052632e-05,8.099301981717228e-05,Tinggi,Tinggi
2025-01-26,8.002213052631579e-05,8.099301981717228e-05,Tinggi,Tinggi
2025-01-27,8.021063684210526e-05,8.146488072193419e-05,Tinggi,Tinggi
2025-01-28,8.039914315789475e-05,8.160606123362249e-05,Tinggi,Tinggi
2025-01-29,8.058764947368422e-05,8.146133270505105e-05,Tinggi,Tinggi
2025-02-01,8.115316842105263e-05,8.134976788917804e-05,Tinggi,Tinggi
2025-02-02,8.13416747368421e-05,8.264463941710012e-05,Tinggi,Tinggi
2025-02-03,8.153018105263159e-05,8.244819971233821e-05,Tinggi,Tinggi
2025-02-04,8.171868736842106e-05,8.134381747186202e-05,Tinggi,Tinggi
2025-02-05,8.190719368421053e-05,8.222359905043345e-05,Tinggi,Tinggi
2025-02-06,8.20957e-05,8.222359905043345e-05,Tinggi,Tinggi
2025-02-07,6.719698e-05,8.300227316154456e-05,Tinggi,Tinggi
2025-02-08,5.229826e-05,6.689006328377345e-05,Sedang,Tinggi
2025-02-09,6.58309225e-05,4.964826937556277e-05,Tinggi,Sedang
2025-02-10,7.9363585e-05,6.866291328682837e-05,Tinggi,Tinggi
2025-02-11,9.28962475e-05,7.926301585351093e-05,Tinggi,Tinggi
2025-02-12,0.00010642891,8.691928648122711e-05,Tinggi,Tinggi
2025-02-13,9.3814032e-05,0.00010043936923868689,Tinggi,Tinggi
2025-02-14,8.1199154e-05,9.487460636545455e-05,Tinggi,Tinggi
2025-02-15,6.8584276e-05,8.200026730659452e-05,Tinggi,Tinggi
2025-02-16,5.5969398e-05,6.573147063898269e-05,Sedang,Tinggi
2025-02-17,6.193838822222222e-05,5.2511792659689757e-05,Sedang,Sedang
2025-02-18,6.790737844444444e-05,5.8726598144548425e-05,Tinggi,Sedang
2025-02-19,7.387636866666666e-05,7.145016763959928e-05,Tinggi,Tinggi
2025-02-20,7.984535888888888e-05,7.766465043098402e-05,Tinggi,Tinggi
2025-02-21,8.58143491111111e-05,7.970442668829892e-05,Tinggi,Tinggi
2025-02-22,9.178333933333334e-05,8.688856915943834e-05,Tinggi,Tinggi
2025-02-23,9.775232955555556e-05,9.267796113001221e-05,Tinggi,Tinggi
2025-02-24,0.00010372131977777778,9.785136365939395e-05,Tinggi,Tinggi
2025-02-25,0.00010969031,0.00010057141763161616,Tinggi,Tinggi
2025-02-26,8.639338275e-05,0.00010406726258313131,Tinggi,Tinggi
2025-02-27,6.30964555e-05,8.952692407767676e-05,Sedang,Tinggi
2025-02-28,3.979952824999999e-05,6.167762629103897e-05,Sedang,Sedang
2025-03-01,1.6502601000000003e-05,4.506404791428571e-05,Sangat Rendah,Sedang
2025-03-02,3.5682453e-05,3.30823594e-05,Rendah,Rendah
2025-03-03,1.6468251e-05,2.7185948813411107e-05,Sangat Rendah,Rendah
2025-03-04,6.251194e-05,2.8702266334444445e-05,Sedang,Rendah
2025-03-05,1.4330668999999997e-05,4.740366249316239e-05,Sangat Rendah,Sedang
2025-03-06,2.24880735e-05,3.6271413156666674e-05,Sangat Rendah,Rendah
2025-03-07,3.0645478e-05,3.070177440785555e-05,Rendah,Rendah
2025-03-08,3.8802882499999996e-05,3.301993931848889e-05,Rendah,Rendah
2025-03-09,4.6960287e-05,3.5659405605555556e-05,Sedang,Rendah
2025-03-10,5.5117691499999996e-05,4.355506044836182e-05,Sedang,Sedang
2025-03-11,6.3275096e-05,5.117572379623109e-05,Sedang,Sedang
2025-03-12,6.62231344e-05,6.314012788994432e-05,Tinggi,Sedang
2025-03-13,6.91711728e-05,7.118345723874459e-05,Tinggi,Tinggi
2025-03-14,7.21192112e-05,7.151168719150817e-05,Tinggi,Tinggi
2025-03-15,7.50672496e-05,7.143729225134422e-05,Tinggi,Tinggi
2025-03-16,7.8015288e-05,7.486579647592242e-05,Tinggi,Tinggi
2025-03-17,8.09633264e-05,7.788716578393384e-05,Tinggi,Tinggi
2025-03-18,8.39113648e-05,8.26180461989766e-05,Tinggi,Tinggi
2025-03-19,8.68594032e-05,8.434012023358643e-05,Tinggi,Tinggi
2025-03-20,8.980744159999999e-05,8.893824814487513e-05,Tinggi,Tinggi
2025-03-21,9.275548e-05,9.481306530374959e-05,Tinggi,Tinggi
2025-03-22,9.198759636363636e-05,9.371901143528138e-05,Tinggi,Tinggi
2025-03-23,9.121971272727273e-05,9.565522736861472e-05,Tinggi,Tinggi
2025-03-24,9.045182909090909e-05,9.374859925972582e-05,Tinggi,Tinggi
2025-03-25,8.968394545454545e-05,9.319506050972583e-05,Tinggi,Tinggi
2025-03-26,8.891606181818181e-05,9.336198919861472e-05,Tinggi,Tinggi
2025-03-27,8.814817818181819e-05,9.208345035669553e-05,Tinggi,Tinggi
2025-03-28,8.738029454545455e-05,9.087865732336221e-05,Tinggi,Tinggi
2025-03-29,8.661241090909091e-05,8.955507584313131e-05,Tinggi,Tinggi
2025-03-30,8.584452727272727e-05,9.060135957106784e-05,Tinggi,Tinggi
2025-03-31,8.507664363636364e-05,8.956928460310246e-05,Tinggi,Tinggi
2025-04-01,8.430876e-05,8.815313850460096e-05,Tinggi,Tinggi
2025-04-02,6.968313e-05,8.56851578379343e-05,Tinggi,Tinggi
2025-04-03,5.5057500000000006e-05,6.67047985732684e-05,Sedang,Tinggi
2025-04-04,4.043187e-05,5.2680445410324675e-05,Sedang,Sedang
2025-04-05,3.621064e-05,5.258752157380952e-05,Rendah,Sedang
2025-04-06,3.198941e-05,4.1479902892141275e-05,Rendah,Sedang
2025-04-07,2.5184836e-05,3.058259511499842e-05,Sangat Rendah,Rendah
2025-04-08,3.812561e-05,3.42374482068254e-05,Rendah,Rendah
2025-04-09,4.027756388888889e-05,3.6703131424522216e-05,Sedang,Rendah
2025-04-10,4.2429517777777776e-05,3.794560960277778e-05,Sedang,Rendah
2025-04-11,4.458147166666667e-05,4.280471192212885e-05,Sedang,Sedang
2025-04-12,4.673342555555556e-05,4.69458961928147e-05,Sedang,Sedang
2025-04-13,4.888537944444444e-05,4.6348801232336105e-05,Sedang,Sedang
2025-04-14,5.1037333333333333e-05,4.8542157361870256e-05,Sedang,Sedang
2025-04-15,5.3189287222222225e-05,4.8986803951192045e-05,Sedang,Sedang
2025-04-16,5.534124111111111e-05,5.099663342452407e-05,Sedang,Sedang
2025-04-17,5.7493195e-05,5.5666749343056944e-05,Sedang,Sedang
2025-04-18,5.773273844444444e-05,5.7746266751674906e-05,Sedang,Sedang
2025-04-19,5.7972281888888886e-05,5.789732791008044e-05,Sedang,Sedang
2025-04-20,5.8211825333333335e-05,6.216543157576673e-05,Sedang,Sedang
2025-04-21,5.845136877777778e-05,6.216543157576673e-05,Sedang,Sedang
2025-04-22,5.869091222222222e-05,6.163195374243338e-05,Sedang,Sedang
2025-04-23,5.8930455666666664e-05,6.16595379777275e-05,Sedang,Sedang
2025-04-24,5.9169999111111114e-05,6.192418655738118e-05,Sedang,Sedang
2025-04-25,5.940954255555556e-05,6.219903874388912e-05,Sedang,Sedang
2025-04-26,5.9649086e-05,6.219903874388912e-05,Sedang,Sedang
2025-04-27,4.8812836999999996e-05,6.197506114539741e-05,Sedang,Sedang
2025-04-28,3.7976588e-05,5.675422225774977e-05,Rendah,Sedang
2025-04-29,3.7644884e-05,5.145579277904762e-05,Rendah,Sedang
2025-04-30,3.8132544e-05,3.763231118204323e-05,Rendah,Rendah
2025-05-01,0.00011049505999999998,3.994260474662309e-05,Tinggi,Sedang
2025-05-02,8.54627035e-05,8.913027484444445e-05,Tinggi,Tinggi
2025-05-03,6.043034699999999e-05,8.106660299365079e-05,Sedang,Tinggi
2025-05-04,3.53979905e-05,5.9145304515714284e-05,Rendah,Sedang
2025-05-05,1.0365634000000001e-05,4.276955372174603e-05,Sangat Rendah,Sedang
2025-05-06,1.458911e-05,3.3914315322222225e-05,Sangat Rendah,Rendah
2025-05-07,1.8812586e-05,2.2619417310837905e-05,Sangat Rendah,Sangat Rendah
2025-05-08,2.3036061999999997e-05,2.4374169009787584e-05,Sangat Rendah,Sangat Rendah
2025-05-09,2.7259538000000003e-05,2.6737879714293468e-05,Rendah,Sangat Rendah
2025-05-10,3.1483014e-05,3.192914928841111e-05,Rendah,Rendah
2025-05-11,4.6737376e-05,3.0891661569281046e-05,Sedang,Rendah
2025-05-12,3.4576174333333335e-05,4.316557444594017e-05,Rendah,Sedang
2025-05-13,2.2414972666666664e-05,3.4920348869444446e-05,Sangat Rendah,Rendah
2025-05-14,1.0253771e-05,3.737060068666667e-05,Sangat Rendah,Rendah
2025-05-15,2.25500135e-05,2.3866622379449025e-05,Sangat Rendah,Sangat Rendah
2025-05-16,3.4846256e-05,2.8086350950829407e-05,Rendah,Rendah
2025-05-17,3.826044e-05,3.220225955182222e-05,Rendah,Rendah
2025-05-18,3.211835e-05,3.6722027938888885e-05,Rendah,Rendah
2025-05-19,3.0333058166666663e-05,3.0722063204337036e-05,Rendah,Rendah
2025-05-20,2.854776633333333e-05,2.8826345830633334e-05,Rendah,Rendah
2025-05-21,2.67624745e-05,2.804166648967321e-05,Sangat Rendah,Rendah
2025-05-22,2.4977182666666666e-05,2.747621062222222e-05,Sangat Rendah,Rendah
2025-05-23,2.319189083333333e-05,3.2714135444761905e-05,Sangat Rendah,Rendah
2025-05-24,2.1406599e-05,3.118065375448179e-05,Sangat Rendah,Rendah
2025-05-25,2.34088792e-05,2.820070348452381e-05,Sangat Rendah,Rendah
2025-05-26,2.5411159400000003e-05,2.548786783600681e-05,Sangat Rendah,Sangat Rendah
2025-05-27,2.74134396e-05,2.7963833684863023e-05,Rendah,Rendah
2025-05-28,2.9415719800000002e-05,3.029970653158263e-05,Rendah,Rendah
2025-05-29,3.1418e-05,2.940898953852941e-05,Rendah,Rendah
2025-05-30,4.9599646e-05,3.0301609084150327e-05,Sedang,Rendah
2025-05-31,2.7924178e-05,4.352802848482906e-05,Rendah,Sedang
2025-06-01,2.6591251666666666e-05,2.9820290441666668e-05,Sangat Rendah,Rendah
2025-06-02,2.5258325333333333e-05,3.4146819616666666e-05,Sangat Rendah,Rendah
2025-06-03,2.3925399e-05,3.337714659182073e-05,Sangat Rendah,Rendah
2025-06-04,1.0546608e-05,3.185167552507002e-05,Sangat Rendah,Rendah
2025-06-05,3.410635e-05,2.3660102213888883e-05,Rendah,Sangat Rendah
2025-06-06,2.6045243e-05,3.0164605555555557e-05,Sangat Rendah,Rendah
2025-06-07,2.9270324000000002e-05,3.5439470050555564e-05,Rendah,Rendah
2025-06-08,3.2495405e-05,2.800141659833333e-05,Rendah,Rendah
2025-06-09,4.4878661e-05,2.989898106470588e-05,Sedang,Rendah
2025-06-10,5.7261917e-05,4.1407715507051284e-05,Sedang,Sedang
2025-06-11,2.382779e-05,5.542091644354701e-05,Sangat Rendah,Sedang
2025-06-12,2.4085215e-05,2.8786184194999997e-05,Sangat Rendah,Rendah
2025-06-13,2.2129881333333334e-05,3.22444569523e-05,Sangat Rendah,Rendah
2025-06-14,2.0174547666666666e-05,2.5967126820634923e-05,Sangat Rendah,Sangat Rendah
2025-06-15,1.8219214e-05,2.477150289670869e-05,Sangat Rendah,Sangat Rendah
2025-06-16,2.0472155e-05,2.4252936870437255e-05,Sangat Rendah,Sangat Rendah
2025-06-17,2.1273887e-05,2.4770638010306538e-05,Sangat Rendah,Sangat Rendah
2025-06-18,2.110790475e-05,2.4479519643639876e-05,Sangat Rendah,Sangat Rendah
2025-06-19,2.0941922500000002e-05,2.6016536395600652e-05,Sangat Rendah,Sangat Rendah
2025-06-20,2.077594025e-05,2.5321917686076852e-05,Sangat Rendah,Sangat Rendah
2025-06-21,2.0609958e-05,2.5462490995600658e-05,Sangat Rendah,Sangat Rendah
2025-06-22,1.2011515e-05,2.499824562893399e-05,Sangat Rendah,Sangat Rendah
2025-06-23,7.90334673566667e-06,2.215103013285556e-05,Sangat Rendah,Sangat Rendah
2025-06-24,2.7983127e-05,2.0927166151622223e-05,Rendah,Sangat Rendah
2025-06-25,2.2181918333333334e-05,3.608209142472223e-05,Sangat Rendah,Rendah
2025-06-26,1.6380709666666668e-05,3.3633058802855564e-05,Sangat Rendah,Rendah
2025-06-27,1.0579500999999999e-05,2.4404220886111114e-05,Sangat Rendah,Sangat Rendah
2025-06-28,1.7213429999999996e-05,2.084866495182222e-05,Sangat Rendah,Sangat Rendah
2025-06-29,2.3247414e-05,2.4065221405620916e-05,Sangat Rendah,Sangat Rendah
2025-06-30,2.9281398e-05,2.701477998034314e-05,Rendah,Sangat Rendah
2025-07-01,8.348387999999997e-06,3.134279811293334e-05,Sangat Rendah,Rendah
2025-07-02,2.2346889e-05,2.271623478666667e-05,Sangat Rendah,Sangat Rendah
2025-07-03,5.5302094499999995e-05,2.7845306189215687e-05,Sedang,Rendah
2025-07-04,8.82573e-05,3.874895644444444e-05,Tinggi,Rendah
2025-07-05,3.6134432e-05,7.484963389015872e-05,Rendah,Tinggi
2025-07-06,1.1213404000000001e-05,4.424396352873016e-05,Sangat Rendah,Sedang
2025-07-07,7.90334673566667e-06,3.4574534055555555e-05,Sangat Rendah,Rendah
2025-07-08,2.0169793e-05,2.2178256536315692e-05,Sangat Rendah,Sangat Rendah
2025-07-09,7.9572405e-05,2.7032281977924837e-05,Tinggi,Sangat Rendah
2025-07-10,8.6438165e-05,5.755622028444444e-05,Tinggi,Sedang
2025-07-11,3.0131667e-05,7.139703463285714e-05,Rendah,Tinggi
2025-07-12,2.2235309750000002e-05,4.473728914373016e-05,Sangat Rendah,Sedang
2025-07-13,1.43389525e-05,3.6053938422222215e-05,Sangat Rendah,Rendah
2025-07-14,0.00012237391,2.4706570361111107e-05,Tinggi,Sangat Rendah
2025-07-15,5.358697e-05,8.287868693111113e-05,Sedang,Tinggi
2025-07-16,3.8275008e-05,5.0884221385873015e-05,Rendah,Sedang
2025-07-17,3.7857902e-05,4.219178802174603e-05,Rendah,Sedang
2025-07-18,2.9151379e-05,3.834749434769683e-05,Rendah,Rendah
2025-07-19,4.5049368e-05,2.7173535251109526e-05,Sedang,Rendah
2025-07-20,4.7327074e-05,4.4951052186190716e-05,Sedang,Sedang
2025-07-21,3.2325250000000004e-05,4.1365893806217374e-05,Rendah,Sedang
2025-07-22,2.3859102e-05,3.274555879761746e-05,Sangat Rendah,Rendah
2025-07-23,3.3845223e-05,3.8880322620000004e-05,Rendah,Rendah
2025-07-24,3.9053677e-05,3.438714091618889e-05,Rendah,Rendah
2025-07-25,2.9894154e-05,3.657606005555555e-05,Rendah,Rendah
2025-07-26,2.3910829e-05,2.9224632701003707e-05,Sangat Rendah,Rendah
2025-07-27,2.3046394e-05,3.447289246238095e-05,Sangat Rendah,Rendah
2025-07-28,2.9478177e-05,2.9129750496428572e-05,Rendah,Rendah
2025-07-29,2.0960495e-05,3.122769767745098e-05,Sangat Rendah,Rendah
2025-07-30,1.6291786e-05,2.6723129992857144e-05,Sangat Rendah,Sangat Rendah
2025-07-31,3.450339e-05,2.5312270669444443e-05,Rendah,Sangat Rendah
2025-08-01,2.1401034e-05,3.332053608888889e-05,Sangat Rendah,Rendah
2025-08-02,8.788432e-06,3.3160675303333334e-05,Sangat Rendah,Rendah
2025-08-03,7.90334673566667e-06,2.475794190944902e-05,Sangat Rendah,Sangat Rendah
2025-08-04,1.4791393999999999e-05,2.071170781495556e-05,Sangat Rendah,Sangat Rendah
2025-08-05,2.6626273e-05,2.361330408196928e-05,Sangat Rendah,Sangat Rendah
2025-08-06,3.8461152e-05,2.9889206552577777e-05,Rendah,Rendah
2025-08-07,3.804297e-05,3.243430846896667e-05,Rendah,Rendah
2025-08-08,3.6246303e-05,3.9680068042973856e-05,Rendah,Sedang
2025-08-09,3.4723027e-05,3.499487188082941e-05,Rendah,Rendah
2025-08-10,4.816042e-05,3.3297038366820696e-05,Sedang,Rendah
2025-08-11,2.7786444e-05,4.542594563624518e-05,Rendah,Sedang
2025-08-12,2.434394e-05,3.1320549008333334e-05,Sangat Rendah,Rendah
2025-08-13,3.238699e-05,3.799106455333334e-05,Rendah,Rendah
2025-08-14,2.8052833e-05,3.346432330801895e-05,Rendah,Rendah
2025-08-15,2.8178736e-05,2.996619944294118e-05,Rendah,Rendah
2025-08-16,3.12121e-05,2.8547017975387488e-05,Rendah,Rendah
2025-08-17,2.6754486e-05,2.8615770583496738e-05,Sangat Rendah,Rendah
2025-08-18,2.7692417200000002e-05,2.8498528631830066e-05,Rendah,Rendah
2025-08-19,2.86303484e-05,2.946378255555556e-05,Rendah,Rendah
2025-08-20,2.95682796e-05,2.991386313852941e-05,Rendah,Rendah
2025-08-21,3.05062108e-05,2.97966471274183e-05,Rendah,Rendah
2025-08-22,3.1444142e-05,2.786237683970588e-05,Rendah,Rendah
2025-08-23,2.7258611e-05,2.9353819485457522e-05,Rendah,Rendah
2025-08-24,4.452667e-05,2.7676678873006544e-05,Sedang,Rendah
2025-08-25,1.8505822e-05,4.0889378148717954e-05,Sangat Rendah,Sedang
2025-08-26,6.598048e-05,2.771483305e-05,Tinggi,Rendah
2025-08-27,9.6753276e-05,5.1964271887606836e-05,Tinggi,Sedang
2025-08-28,3.3319597e-05,7.361616587142857e-05,Rendah,Tinggi
2025-08-29,2.7133686e-05,4.764675663119048e-05,Sangat Rendah,Sedang
2025-08-30,2.0947775e-05,3.834434824444444e-05,Sangat Rendah,Rendah
2025-08-31,2.402236e-05,2.7042537949603174e-05,Sangat Rendah,Sangat Rendah
2025-09-01,8.124260000000003e-06,3.0304932172619053e-05,Sangat Rendah,Rendah
2025-09-02,1.9896324e-05,2.481493528841111e-05,Sangat Rendah,Sangat Rendah
2025-09-03,1.8038393999999997e-05,2.6848910598937905e-05,Sangat Rendah,Sangat Rendah
2025-09-04,1.1687915000000001e-05,2.540653616253268e-05,Sangat Rendah,Sangat Rendah
2025-09-05,2.1486097e-05,2.1005617541691506e-05,Sangat Rendah,Sangat Rendah
2025-09-06,4.338905e-05,2.770001505562092e-05,Sedang,Rendah
2025-09-07,4.60641e-05,3.3202225157855554e-05,Sedang,Rendah
2025-09-08,4.34877225e-05,4.0129992863624786e-05,Sedang,Sedang
2025-09-09,4.0911345e-05,4.3799854523937415e-05,Sedang,Sedang
2025-09-10,3.5769517e-05,4.0203617193592764e-05,Rendah,Sedang
2025-09-11,4.357547e-05,3.492110746537656e-05,Sedang,Rendah
2025-09-12,4.565281e-05,4.593124276602863e-05,Sedang,Sedang
2025-09-13,1.874217e-05,4.403261556143791e-05,Sangat Rendah,Sedang
2025-09-14,2.192898e-05,2.9237658708333333e-05,Sangat Rendah,Rendah
2025-09-15,3.317365e-05,2.755085556015555e-05,Rendah,Rendah
2025-09-16,3.13688e-05,2.926537596341111e-05,Rendah,Rendah
2025-09-17,2.9415413799999998e-05,3.024961362222222e-05,Rendah,Rendah
2025-09-18,2.74620276e-05,2.8855670742875816e-05,Rendah,Rendah
2025-09-19,2.55086414e-05,2.851568512538749e-05,Sangat Rendah,Rendah
2025-09-20,2.35552552e-05,3.308500605031746e-05,Sangat Rendah,Rendah
2025-09-21,2.1601869e-05,2.9769327705952376e-05,Sangat Rendah,Rendah
2025-09-22,2.5940717e-05,2.791223158144258e-05,Sangat Rendah,Rendah
2025-09-23,4.6242556e-05,2.6063229490418576e-05,Sedang,Sangat Rendah
2025-09-24,6.694645e-05,3.752118580555556e-05,Tinggi,Rendah
2025-09-25,1.5876036e-05,5.868284981092796e-05,Sangat Rendah,Sedang
2025-09-26,8.426396e-06,2.9047760578333334e-05,Sangat Rendah,Rendah
2025-09-27,3.6040223e-05,2.878396224578889e-05,Rendah,Rendah
2025-09-28,1.8586219e-05,3.7202659658888895e-05,Sangat Rendah,Rendah
2025-09-29,1.920768425e-05,2.9479828117777778e-05,Sangat Rendah,Rendah
2025-09-30,1.9829149500000002e-05,2.393328093040457e-05,Sangat Rendah,Sangat Rendah
2025-10-01,2.045061475e-05,2.3731334305306538e-05,Sangat Rendah,Sangat Rendah
2025-10-02,2.107208e-05,2.4149854601973205e-05,Sangat Rendah,Sangat Rendah
2025-10-03,7.111857e-05,2.4569118820600655e-05,Tinggi,Sangat Rendah
2025-10-04,2.8609635e-05,5.650079356777778e-05,Rendah,Sedang
2025-10-05,2.4917712e-05,3.911695975833334e-05,Sangat Rendah,Rendah
2025-10-06,3.889455e-05,3.341484701666667e-05,Rendah,Rendah
2025-10-07,3.4856363e-05,3.734563277452222e-05,Rendah,Rendah
2025-10-08,3.04868155e-05,3.239175733888889e-05,Rendah,Rendah
2025-10-09,2.6117268e-05,3.0076476327300002e-05,Sangat Rendah,Rendah
2025-10-10,3.6921418e-05,2.8109255792380947e-05,Rendah,Rendah
2025-10-11,2.7100930000000002e-05,3.517952998563333e-05,Sangat Rendah,Rendah
2025-10-12,1.9400319e-05,2.6809340677777784e-05,Sangat Rendah,Sangat Rendah
2025-10-13,1.3840518499999998e-05,3.2021801252458734e-05,Sangat Rendah,Rendah
2025-10-14,3.869617e-05,2.3066837911437913e-05,Rendah,Sangat Rendah
2025-10-15,2.9747692e-05,3.720393783666667e-05,Rendah,Rendah
2025-10-16,2.0799214e-05,3.5536614583888894e-05,Sangat Rendah,Rendah
2025-10-17,2.7062015e-05,3.352251344460318e-05,Sangat Rendah,Rendah
2025-10-18,2.5651745e-05,3.1969625024206346e-05,Sangat Rendah,Rendah
2025-10-19,2.5651745e-05,3.05161762609944e-05,Sangat Rendah,Rendah
2025-10-20,2.5651745e-05,3.298941866771709e-05,Sangat Rendah,Rendah
2025-10-21,2.5651745e-05,3.181828833138656e-05,Sangat Rendah,Rendah
2025-10-22,2.5651745e-05,3.181828833138656e-05,Sangat Rendah,Rendah
